Keywords;Volume
facebook;0.240776046
youtube;0.188404172
google;0.103510149
gmail;0.056745542
hotmail;0.056745542
xxnx;0.046428171
xvideos;0.037905125
amazon;0.031064259
translator;0.025344847
xxx;0.025344847
pornos;0.025344847
facebook login;0.025344847
yahoo;0.020746888
google translate;0.020746888
yahoomail;0.016933946
google maps;0.016933946
ebay;0.016933946
whatsapp;0.016933946
porn;0.013906022
instagram;0.013906022