Keywords, Volume
facebook,0.296471111
youtube,0.231932601
google,0.127424875
gmail,0.06985589
hotmail,0.06985589
xxnx,0.057154819
xvideos,0.04666263
amazon,0.038241268
translator,0.031200457
xxx,0.031200457
